.metric,.estimator,.estimate
rsq,standard,0.17690924641152
ccc,standard,0.29243687742842805
mape,standard,42.81300021341849
rmse,standard,496.67207716335713
